{"global_step": 2000, "_timestamp": 1721046891.2563872, "test/n_collected_episodes": 100.0, "test/n_collected_steps": 10449.0, "test/collect_time": 3.5710480213165283, "test/collect_speed": 2926.03173828125, "test/returns_stat/mean": -100.0, "test/returns_stat/std": 0.0, "test/returns_stat/max": -100.0, "test/returns_stat/min": -100.0, "test/lens_stat/mean": 104.48999786376953, "test/lens_stat/std": 6.3929572105407715, "test/lens_stat/max": 131.0, "test/lens_stat/min": 100.0, "_runtime": 58.06687927246094, "_step": 32, "update/train_time": 0.0025246143341064453, "update/smoothed_loss/loss": 0.03270459175109863, "update/loss": 0.021614275872707367, "info/gradient_step": 200.0, "info/best_reward": -100.0, "info/best_reward_std": 0.0, "info/train_step": 2000.0, "info/train_episode": 0.0, "info/test_step": 25349.0, "info/test_episode": 300.0, "info/timing/total_time": 53.45186233520508, "info/timing/train_time": 1.6210315227508545, "info/timing/train_time_collect": 0.9430456161499023, "info/timing/train_time_update": 0.5046799182891846, "info/timing/test_time": 51.830833435058594, "info/timing/update_speed": 1233.7823486328125, "_wandb": {"runtime": 71}}