{"global_step": 3000, "_timestamp": 1721047075.611089, "test/n_collected_episodes": 100.0, "test/n_collected_steps": 10560.0, "test/collect_time": 3.4864890575408936, "test/collect_speed": 3028.8349609375, "test/returns_stat/mean": -100.0, "test/returns_stat/std": 0.0, "test/returns_stat/max": -100.0, "test/returns_stat/min": -100.0, "test/lens_stat/mean": 105.5999984741211, "test/lens_stat/std": 6.73795223236084, "test/lens_stat/max": 126.0, "test/lens_stat/min": 100.0, "_runtime": 69.83137798309326, "_step": 32, "update/train_time": 0.0023937225341796875, "update/smoothed_loss/loss": 15.765607833862305, "update/loss": 0.03153280168771744, "info/gradient_step": 200.0, "info/best_reward": -100.0, "info/best_reward_std": 0.0, "info/train_step": 2000.0, "info/train_episode": 0.0, "info/test_step": 63460.0, "info/test_episode": 300.0, "info/timing/total_time": 64.73756408691406, "info/timing/train_time": 1.5782530307769775, "info/timing/train_time_collect": 0.9158475399017334, "info/timing/train_time_update": 0.4968125820159912, "info/timing/test_time": 63.1593132019043, "info/timing/update_speed": 1267.223876953125, "train/n_collected_episodes": 1.0, "train/n_collected_steps": 1000.0, "train/collect_time": 0.8221826553344727, "train/collect_speed": 1216.2747802734375, "train/returns_stat/mean": -100.0, "train/returns_stat/std": 0.0, "train/returns_stat/max": -100.0, "train/returns_stat/min": -100.0, "train/lens_stat/mean": 291.0, "train/lens_stat/std": 0.0, "train/lens_stat/max": 291.0, "train/lens_stat/min": 291.0, "_wandb": {"runtime": 70}}